Date,WeekDay,Weekend,Holiday
2014-01-01,Wednesday,No,No
2014-01-02,Thursday,No,No
2014-01-03,Friday,No,No
2014-01-04,Saturday,Yes,No
2014-01-06,Monday,No,No
2014-01-07,Tuesday,No,No
2014-01-08,Wednesday,No,No
2014-01-09,Thursday,No,No
2014-01-10,Friday,No,No
2014-01-13,Monday,No,No
2014-01-14,Tuesday,No,No
2014-01-15,Wednesday,No,No
2014-01-16,Thursday,No,No
2014-01-17,Friday,No,No
2014-01-20,Monday,No,No
2014-01-21,Tuesday,No,No
2014-01-22,Wednesday,No,No
2014-01-23,Thursday,No,No
2014-01-24,Friday,No,No
2014-01-27,Monday,No,No
2014-01-28,Tuesday,No,No
2014-01-29,Wednesday,No,No
2014-01-30,Thursday,No,No
2014-01-31,Friday,No,No
2014-02-03,Monday,No,No
2014-02-04,Tuesday,No,No
2014-02-05,Wednesday,No,No
2014-02-06,Thursday,No,No
2014-02-07,Friday,No,No
2014-02-10,Monday,No,No
2014-02-11,Tuesday,No,No
2014-02-12,Wednesday,No,No
2014-02-13,Thursday,No,No
2014-02-14,Friday,No,No
2014-02-17,Monday,No,No
2014-02-18,Tuesday,No,No
2014-02-19,Wednesday,No,No
2014-02-20,Thursday,No,No
2014-02-21,Friday,No,No
2014-02-24,Monday,No,No
2014-02-25,Tuesday,No,No
2014-02-26,Wednesday,No,No
2014-02-27,Thursday,No,No
2014-02-28,Friday,No,No
2014-03-03,Monday,No,No
2014-03-04,Tuesday,No,No
2014-03-05,Wednesday,No,No
2014-03-06,Thursday,No,No
2014-03-07,Friday,No,No
2014-03-10,Monday,No,No
2014-03-11,Tuesday,No,No
2014-03-12,Wednesday,No,No
2014-03-13,Thursday,No,No
2014-03-14,Friday,No,No
2014-03-17,Monday,No,Yes
2014-03-18,Tuesday,No,No
2014-03-19,Wednesday,No,No
2014-03-20,Thursday,No,No
2014-03-21,Friday,No,No
2014-03-24,Monday,No,No
2014-03-25,Tuesday,No,No
2014-03-26,Wednesday,No,No
2014-03-27,Thursday,No,No
2014-03-28,Friday,No,No
2014-03-31,Monday,No,No
2014-04-01,Tuesday,No,No
2014-04-02,Wednesday,No,No
2014-04-03,Thursday,No,No
2014-04-04,Friday,No,No
2014-04-05,Saturday,Yes,No
2014-04-07,Monday,No,No
2014-04-08,Tuesday,No,No
2014-04-09,Wednesday,No,No
2014-04-10,Thursday,No,No
2014-04-11,Friday,No,No
2014-04-14,Monday,No,No
2014-04-15,Tuesday,No,No
2014-04-16,Wednesday,No,No
2014-04-17,Thursday,No,No
2014-04-19,Saturday,Yes,No
2014-04-21,Monday,No,No
2014-04-22,Tuesday,No,No
2014-04-23,Wednesday,No,No
2014-04-25,Friday,No,No
2014-04-27,Sunday,Yes,No
2014-04-28,Monday,No,No
2014-04-29,Tuesday,No,No
2014-04-30,Wednesday,No,No
2014-05-01,Thursday,No,No
2014-05-02,Friday,No,No
2014-05-05,Monday,No,No
2014-05-06,Tuesday,No,No
2014-05-07,Wednesday,No,No
2014-05-08,Thursday,No,No
2014-05-09,Friday,No,No
2014-05-12,Monday,No,No
2014-05-13,Tuesday,No,No
2014-05-14,Wednesday,No,No
2014-05-15,Thursday,No,No
2014-05-16,Friday,No,No
2014-05-19,Monday,No,No
2014-05-20,Tuesday,No,No
2014-05-21,Wednesday,No,No
2014-05-22,Thursday,No,No
2014-05-23,Friday,No,No
2014-05-26,Monday,No,No
2014-05-27,Tuesday,No,No
2014-05-28,Wednesday,No,No
2014-05-29,Thursday,No,No
2014-05-30,Friday,No,No
2014-06-02,Monday,No,No
2014-06-03,Tuesday,No,No
2014-06-04,Wednesday,No,No
2014-06-05,Thursday,No,No
2014-06-06,Friday,No,No
2014-06-09,Monday,No,No
2014-06-10,Tuesday,No,No
2014-06-11,Wednesday,No,No
2014-06-12,Thursday,No,No
2014-06-13,Friday,No,No
2014-06-16,Monday,No,No
2014-06-17,Tuesday,No,No
2014-06-18,Wednesday,No,No
2014-06-19,Thursday,No,No
2014-06-20,Friday,No,No
2014-06-23,Monday,No,No
2014-06-24,Tuesday,No,No
2014-06-25,Wednesday,No,No
2014-06-26,Thursday,No,No
2014-06-27,Friday,No,No
2014-06-30,Monday,No,No
2014-07-01,Tuesday,No,No
2014-07-02,Wednesday,No,No
2014-07-03,Thursday,No,No
2014-07-04,Friday,No,No
2014-07-07,Monday,No,No
2014-07-08,Tuesday,No,No
2014-07-09,Wednesday,No,No
2014-07-10,Thursday,No,No
2014-07-11,Friday,No,No
2014-07-12,Saturday,Yes,No
2014-07-13,Sunday,Yes,No
2014-07-14,Monday,No,No
2014-07-15,Tuesday,No,No
2014-07-16,Wednesday,No,No
2014-07-17,Thursday,No,No
2014-07-18,Friday,No,No
2014-07-20,Sunday,Yes,No
2014-07-21,Monday,No,No
2014-07-22,Tuesday,No,No
2014-07-23,Wednesday,No,No
2014-07-24,Thursday,No,No
2014-07-25,Friday,No,No
2014-07-27,Sunday,Yes,No
2014-07-28,Monday,No,No
2014-07-29,Tuesday,No,No
2014-07-30,Wednesday,No,No
2014-07-31,Thursday,No,No
2014-08-01,Friday,No,No
2014-08-04,Monday,No,No
2014-08-05,Tuesday,No,No
2014-08-06,Wednesday,No,No
2014-08-07,Thursday,No,No
2014-08-08,Friday,No,No
2014-08-10,Sunday,Yes,No
2014-08-11,Monday,No,No
2014-08-12,Tuesday,No,No
2014-08-13,Wednesday,No,No
2014-08-14,Thursday,No,No
2014-08-18,Monday,No,No
2014-08-19,Tuesday,No,No
2014-08-20,Wednesday,No,No
2014-08-21,Thursday,No,No
2014-08-22,Friday,No,No
2014-08-25,Monday,No,No
2014-08-26,Tuesday,No,No
2014-08-27,Wednesday,No,No
2014-08-28,Thursday,No,No
2014-08-29,Friday,No,No
2014-09-01,Monday,No,No
2014-09-02,Tuesday,No,No
2014-09-03,Wednesday,No,No
2014-09-04,Thursday,No,No
2014-09-05,Friday,No,No
2014-09-08,Monday,No,No
2014-09-09,Tuesday,No,No
2014-09-10,Wednesday,No,No
2014-09-11,Thursday,No,No
2014-09-12,Friday,No,No
2014-09-13,Saturday,Yes,No
2014-09-15,Monday,No,No
2014-09-16,Tuesday,No,No
2014-09-17,Wednesday,No,No
2014-09-18,Thursday,No,No
2014-09-19,Friday,No,No
2014-09-22,Monday,No,No
2014-09-23,Tuesday,No,No
2014-09-24,Wednesday,No,No
2014-09-25,Thursday,No,No
2014-09-26,Friday,No,No
2014-09-27,Saturday,Yes,No
2014-09-29,Monday,No,No
2014-09-30,Tuesday,No,No
2014-10-01,Wednesday,No,No
2014-10-03,Friday,No,No
2014-10-05,Sunday,Yes,No
2014-10-06,Monday,No,No
2014-10-07,Tuesday,No,No
2014-10-08,Wednesday,No,No
2014-10-09,Thursday,No,No
2014-10-10,Friday,No,No
2014-10-13,Monday,No,No
2014-10-14,Tuesday,No,No
2014-10-16,Thursday,No,No
2014-10-17,Friday,No,No
2014-10-20,Monday,No,No
2014-10-21,Tuesday,No,No
2014-10-22,Wednesday,No,No
2014-10-23,Thursday,No,Yes
2014-10-24,Friday,No,No
2014-10-27,Monday,No,No
2014-10-28,Tuesday,No,No
2014-10-29,Wednesday,No,No
2014-10-30,Thursday,No,No
2014-10-31,Friday,No,No
2014-11-03,Monday,No,No
2014-11-04,Tuesday,No,No
2014-11-05,Wednesday,No,No
2014-11-06,Thursday,No,No
2014-11-07,Friday,No,No
2014-11-10,Monday,No,No
2014-11-11,Tuesday,No,No
2014-11-12,Wednesday,No,No
2014-11-13,Thursday,No,No
2014-11-14,Friday,No,No
2014-11-16,Sunday,Yes,No
2014-11-17,Monday,No,No
2014-11-18,Tuesday,No,No
2014-11-19,Wednesday,No,No
2014-11-20,Thursday,No,No
2014-11-21,Friday,No,No
2014-11-24,Monday,No,No
2014-11-25,Tuesday,No,No
2014-11-26,Wednesday,No,No
2014-11-27,Thursday,No,No
2014-11-28,Friday,No,No
2014-12-01,Monday,No,No
2014-12-02,Tuesday,No,No
2014-12-03,Wednesday,No,No
2014-12-04,Thursday,No,No
2014-12-05,Friday,No,No
2014-12-08,Monday,No,No
2014-12-09,Tuesday,No,No
2014-12-10,Wednesday,No,No
2014-12-11,Thursday,No,No
2014-12-12,Friday,No,No
2014-12-15,Monday,No,No
2014-12-16,Tuesday,No,No
2014-12-17,Wednesday,No,No
2014-12-18,Thursday,No,No
2014-12-19,Friday,No,No
2014-12-22,Monday,No,No
2014-12-23,Tuesday,No,No
2014-12-24,Wednesday,No,No
2014-12-26,Friday,No,No
2014-12-29,Monday,No,No
2014-12-30,Tuesday,No,No
2014-12-31,Wednesday,No,No
2015-01-01,Thursday,No,No
2015-01-02,Friday,No,No
2015-01-05,Monday,No,No
2015-01-06,Tuesday,No,No
2015-01-07,Wednesday,No,No
2015-01-08,Thursday,No,No
2015-01-09,Friday,No,No
2015-01-12,Monday,No,No
2015-01-13,Tuesday,No,No
2015-01-14,Wednesday,No,No
2015-01-15,Thursday,No,No
2015-01-16,Friday,No,No
2015-01-17,Saturday,Yes,No
2015-01-19,Monday,No,No
2015-01-20,Tuesday,No,No
2015-01-21,Wednesday,No,No
2015-01-22,Thursday,No,No
2015-01-23,Friday,No,No
2015-01-25,Sunday,Yes,No
2015-01-27,Tuesday,No,No
2015-01-28,Wednesday,No,No
2015-01-29,Thursday,No,No
2015-01-30,Friday,No,No
2015-02-02,Monday,No,No
2015-02-03,Tuesday,No,No
2015-02-04,Wednesday,No,No
2015-02-05,Thursday,No,No
2015-02-06,Friday,No,No
2015-02-09,Monday,No,No
2015-02-10,Tuesday,No,No
2015-02-11,Wednesday,No,No
2015-02-12,Thursday,No,No
2015-02-13,Friday,No,No
2015-02-16,Monday,No,No
2015-02-17,Tuesday,No,No
2015-02-18,Wednesday,No,No
2015-02-19,Thursday,No,No
2015-02-20,Friday,No,No
2015-02-21,Saturday,Yes,No
2015-02-23,Monday,No,No
2015-02-24,Tuesday,No,No
2015-02-25,Wednesday,No,No
2015-02-26,Thursday,No,No
2015-02-27,Friday,No,No
2015-02-28,Saturday,Yes,No
2015-03-02,Monday,No,No
2015-03-03,Tuesday,No,No
2015-03-04,Wednesday,No,No
2015-03-05,Thursday,No,No
2015-03-06,Friday,No,Yes
2015-03-09,Monday,No,No
2015-03-10,Tuesday,No,No
2015-03-11,Wednesday,No,No
2015-03-12,Thursday,No,No
2015-03-13,Friday,No,No
2015-03-14,Saturday,Yes,No
2015-03-16,Monday,No,No
2015-03-17,Tuesday,No,No
2015-03-18,Wednesday,No,No
2015-03-19,Thursday,No,No
2015-03-20,Friday,No,No
2015-03-23,Monday,No,No
2015-03-24,Tuesday,No,No
2015-03-25,Wednesday,No,No
2015-03-26,Thursday,No,No
2015-03-27,Friday,No,No
2015-03-30,Monday,No,No
2015-03-31,Tuesday,No,No
2015-04-01,Wednesday,No,No
2015-04-02,Thursday,No,No
2015-04-06,Monday,No,No
2015-04-07,Tuesday,No,No
2015-04-08,Wednesday,No,No
2015-04-09,Thursday,No,No
2015-04-10,Friday,No,No
2015-04-13,Monday,No,No
2015-04-14,Tuesday,No,No
2015-04-15,Wednesday,No,No
2015-04-16,Thursday,No,No
2015-04-17,Friday,No,No
2015-04-20,Monday,No,No
2015-04-21,Tuesday,No,No
2015-04-22,Wednesday,No,No
2015-04-23,Thursday,No,No
2015-04-24,Friday,No,No
2015-04-27,Monday,No,No
2015-04-28,Tuesday,No,No
2015-04-29,Wednesday,No,No
2015-04-30,Thursday,No,No
2015-05-01,Friday,No,No
2015-05-04,Monday,No,No
2015-05-05,Tuesday,No,No
2015-05-06,Wednesday,No,No
2015-05-07,Thursday,No,No
2015-05-08,Friday,No,No
2015-05-11,Monday,No,No
2015-05-12,Tuesday,No,No
2015-05-13,Wednesday,No,No
2015-05-14,Thursday,No,No
2015-05-15,Friday,No,No
2015-05-18,Monday,No,No
2015-05-19,Tuesday,No,No
2015-05-20,Wednesday,No,No
2015-05-21,Thursday,No,No
2015-05-22,Friday,No,No
2015-05-25,Monday,No,No
2015-05-26,Tuesday,No,No
2015-05-27,Wednesday,No,No
2015-05-28,Thursday,No,No
2015-05-29,Friday,No,No
2015-06-01,Monday,No,No
2015-06-02,Tuesday,No,No
2015-06-03,Wednesday,No,No
2015-06-04,Thursday,No,No
2015-06-05,Friday,No,No
2015-06-08,Monday,No,No
2015-06-09,Tuesday,No,No
2015-06-10,Wednesday,No,No
2015-06-11,Thursday,No,No
2015-06-12,Friday,No,No
2015-06-15,Monday,No,No
2015-06-16,Tuesday,No,No
2015-06-17,Wednesday,No,No
2015-06-18,Thursday,No,No
2015-06-19,Friday,No,No
2015-06-22,Monday,No,No
2015-06-23,Tuesday,No,No
2015-06-24,Wednesday,No,No
2015-06-25,Thursday,No,No
2015-06-26,Friday,No,No
2015-06-29,Monday,No,No
2015-06-30,Tuesday,No,No
2015-07-01,Wednesday,No,No
2015-07-02,Thursday,No,No
2015-07-03,Friday,No,No
2015-07-06,Monday,No,No
2015-07-07,Tuesday,No,No
2015-07-08,Wednesday,No,No
2015-07-09,Thursday,No,No
2015-07-10,Friday,No,No
2015-07-13,Monday,No,No
2015-07-14,Tuesday,No,No
2015-07-15,Wednesday,No,No
2015-07-16,Thursday,No,No
2015-07-17,Friday,No,No
2015-07-20,Monday,No,No
2015-07-21,Tuesday,No,No
2015-07-22,Wednesday,No,No
2015-07-23,Thursday,No,No
2015-07-24,Friday,No,No
2015-07-27,Monday,No,No
2015-07-28,Tuesday,No,No
2015-07-29,Wednesday,No,No
2015-07-30,Thursday,No,No
2015-07-31,Friday,No,No
2015-08-03,Monday,No,No
2015-08-04,Tuesday,No,No
2015-08-05,Wednesday,No,No
2015-08-06,Thursday,No,No
2015-08-07,Friday,No,No
2015-08-10,Monday,No,No
2015-08-11,Tuesday,No,No
2015-08-12,Wednesday,No,No
2015-08-13,Thursday,No,No
2015-08-14,Friday,No,No
2015-08-17,Monday,No,No
2015-08-18,Tuesday,No,No
2015-08-19,Wednesday,No,No
2015-08-20,Thursday,No,No
2015-08-21,Friday,No,No
2015-08-24,Monday,No,No
2015-08-25,Tuesday,No,No
2015-08-26,Wednesday,No,No
2015-08-27,Thursday,No,No
2015-08-28,Friday,No,No
2015-08-31,Monday,No,No
2015-09-01,Tuesday,No,No
2015-09-02,Wednesday,No,No
2015-09-03,Thursday,No,No
2015-09-04,Friday,No,No
2015-09-07,Monday,No,No
2015-09-08,Tuesday,No,No
2015-09-09,Wednesday,No,No
2015-09-10,Thursday,No,No
2015-09-11,Friday,No,No
2015-09-14,Monday,No,No
2015-09-15,Tuesday,No,No
2015-09-16,Wednesday,No,No
2015-09-17,Thursday,No,No
2015-09-18,Friday,No,No
2015-09-21,Monday,No,No
2015-09-22,Tuesday,No,No
2015-09-23,Wednesday,No,No
2015-09-24,Thursday,No,No
2015-09-25,Friday,No,No
2015-09-28,Monday,No,No
2015-09-29,Tuesday,No,No
2015-09-30,Wednesday,No,No
2015-10-01,Thursday,No,No
2015-10-05,Monday,No,No
2015-10-06,Tuesday,No,No
2015-10-07,Wednesday,No,No
2015-10-08,Thursday,No,No
2015-10-09,Friday,No,No
2015-10-12,Monday,No,No
2015-10-13,Tuesday,No,No
2015-10-14,Wednesday,No,No
2015-10-15,Thursday,No,No
2015-10-16,Friday,No,No
2015-10-19,Monday,No,No
2015-10-20,Tuesday,No,No
2015-10-21,Wednesday,No,No
2015-10-22,Thursday,No,No
2015-10-23,Friday,No,No
2015-10-26,Monday,No,No
2015-10-27,Tuesday,No,No
2015-10-28,Wednesday,No,No
2015-10-29,Thursday,No,No
2015-10-30,Friday,No,No
2015-11-02,Monday,No,No
2015-11-03,Tuesday,No,No
2015-11-04,Wednesday,No,No
2015-11-05,Thursday,No,No
2015-11-06,Friday,No,No
2015-11-09,Monday,No,No
2015-11-10,Tuesday,No,No
2015-11-11,Wednesday,No,Yes
2015-11-12,Thursday,No,No
2015-11-13,Friday,No,No
2015-11-16,Monday,No,No
2015-11-17,Tuesday,No,No
2015-11-18,Wednesday,No,No
2015-11-19,Thursday,No,No
2015-11-20,Friday,No,No
2015-11-23,Monday,No,No
2015-11-24,Tuesday,No,No
2015-11-25,Wednesday,No,No
2015-11-26,Thursday,No,No
2015-11-27,Friday,No,No
2015-11-30,Monday,No,No
2015-12-01,Tuesday,No,No
2015-12-02,Wednesday,No,No
2015-12-03,Thursday,No,No
2015-12-04,Friday,No,No
2015-12-07,Monday,No,No
2015-12-08,Tuesday,No,No
2015-12-09,Wednesday,No,No
2015-12-10,Thursday,No,No
2015-12-11,Friday,No,No
2015-12-14,Monday,No,No
2015-12-15,Tuesday,No,No
2015-12-16,Wednesday,No,No
2015-12-17,Thursday,No,No
2015-12-18,Friday,No,No
2015-12-21,Monday,No,No
2015-12-22,Tuesday,No,No
2015-12-23,Wednesday,No,No
2015-12-24,Thursday,No,No
2015-12-28,Monday,No,No
2015-12-29,Tuesday,No,No
2015-12-30,Wednesday,No,No
2015-12-31,Thursday,No,No
2016-01-01,Friday,No,No
2016-01-04,Monday,No,No
2016-01-05,Tuesday,No,No
2016-01-06,Wednesday,No,No
2016-01-07,Thursday,No,No
2016-01-08,Friday,No,No
2016-01-11,Monday,No,No
2016-01-12,Tuesday,No,No
2016-01-13,Wednesday,No,No
2016-01-14,Thursday,No,No
2016-01-15,Friday,No,No
2016-01-18,Monday,No,No
2016-01-19,Tuesday,No,No
2016-01-20,Wednesday,No,No
2016-01-21,Thursday,No,No
2016-01-22,Friday,No,No
2016-01-25,Monday,No,No
2016-01-27,Wednesday,No,No
2016-01-28,Thursday,No,No
2016-01-29,Friday,No,No
2016-02-01,Monday,No,No
2016-02-02,Tuesday,No,No
2016-02-03,Wednesday,No,No
2016-02-04,Thursday,No,No
2016-02-05,Friday,No,No
2016-02-08,Monday,No,No
2016-02-09,Tuesday,No,No
2016-02-10,Wednesday,No,No
2016-02-11,Thursday,No,No
2016-02-12,Friday,No,No
2016-02-15,Monday,No,No
2016-02-16,Tuesday,No,No
2016-02-17,Wednesday,No,No
2016-02-18,Thursday,No,No
2016-02-19,Friday,No,No
2016-02-22,Monday,No,No
2016-02-23,Tuesday,No,No
2016-02-24,Wednesday,No,No
2016-02-25,Thursday,No,No
2016-02-26,Friday,No,No
2016-02-29,Monday,No,No
2016-03-01,Tuesday,No,No
2016-03-02,Wednesday,No,No
2016-03-03,Thursday,No,No
2016-03-04,Friday,No,No
2016-03-07,Monday,No,No
2016-03-08,Tuesday,No,No
2016-03-09,Wednesday,No,No
2016-03-10,Thursday,No,No
2016-03-11,Friday,No,No
2016-03-14,Monday,No,No
2016-03-15,Tuesday,No,No
2016-03-16,Wednesday,No,No
2016-03-17,Thursday,No,No
2016-03-18,Friday,No,No
2016-03-21,Monday,No,No
2016-03-22,Tuesday,No,No
2016-03-23,Wednesday,No,No
2016-03-24,Thursday,No,Yes
2016-03-28,Monday,No,No
2016-03-29,Tuesday,No,No
2016-03-30,Wednesday,No,No
2016-03-31,Thursday,No,No
2016-04-01,Friday,No,No
2016-04-04,Monday,No,No
2016-04-05,Tuesday,No,No
2016-04-06,Wednesday,No,No
2016-04-07,Thursday,No,No
2016-04-08,Friday,No,No
2016-04-11,Monday,No,No
2016-04-12,Tuesday,No,No
2016-04-13,Wednesday,No,No
2016-04-14,Thursday,No,No
2016-04-15,Friday,No,No
2016-04-18,Monday,No,No
2016-04-19,Tuesday,No,No
2016-04-20,Wednesday,No,No
2016-04-21,Thursday,No,No
2016-04-22,Friday,No,No
2016-04-25,Monday,No,No
2016-04-26,Tuesday,No,No
2016-04-27,Wednesday,No,No
2016-04-28,Thursday,No,No
2016-04-29,Friday,No,No
2016-05-02,Monday,No,No
2016-05-03,Tuesday,No,No
2016-05-04,Wednesday,No,No
2016-05-05,Thursday,No,No
2016-05-06,Friday,No,No
2016-05-09,Monday,No,No
2016-05-10,Tuesday,No,No
2016-05-11,Wednesday,No,No
2016-05-12,Thursday,No,No
2016-05-13,Friday,No,No
2016-05-16,Monday,No,No
2016-05-17,Tuesday,No,No
2016-05-18,Wednesday,No,No
2016-05-19,Thursday,No,No
2016-05-20,Friday,No,No
2016-05-23,Monday,No,No
2016-05-24,Tuesday,No,No
2016-05-25,Wednesday,No,No
2016-05-26,Thursday,No,No
2016-05-27,Friday,No,No
2016-05-30,Monday,No,No
2016-05-31,Tuesday,No,No
2016-06-01,Wednesday,No,No
2016-06-02,Thursday,No,No
2016-06-03,Friday,No,No
2016-06-06,Monday,No,No
2016-06-07,Tuesday,No,No
2016-06-08,Wednesday,No,No
2016-06-09,Thursday,No,No
2016-06-10,Friday,No,No
2016-06-13,Monday,No,No
2016-06-14,Tuesday,No,No
2016-06-15,Wednesday,No,No
2016-06-16,Thursday,No,No
2016-06-17,Friday,No,No
2016-06-20,Monday,No,No
2016-06-21,Tuesday,No,No
2016-06-22,Wednesday,No,No
2016-06-23,Thursday,No,No
2016-06-24,Friday,No,No
2016-06-27,Monday,No,No
2016-06-28,Tuesday,No,No
2016-06-29,Wednesday,No,No
2016-06-30,Thursday,No,No
2016-07-01,Friday,No,No
2016-07-04,Monday,No,No
2016-07-05,Tuesday,No,No
2016-07-06,Wednesday,No,No
2016-07-07,Thursday,No,No
2016-07-08,Friday,No,No
2016-07-11,Monday,No,No
2016-07-12,Tuesday,No,No
2016-07-13,Wednesday,No,No
2016-07-14,Thursday,No,No
2016-07-15,Friday,No,No
2016-07-18,Monday,No,No
2016-07-19,Tuesday,No,No
2016-07-20,Wednesday,No,No
2016-07-21,Thursday,No,No
2016-07-22,Friday,No,No
2016-07-25,Monday,No,No
2016-07-26,Tuesday,No,No
2016-07-27,Wednesday,No,No
2016-07-28,Thursday,No,No
2016-07-29,Friday,No,No
2016-08-01,Monday,No,No
2016-08-02,Tuesday,No,No
2016-08-03,Wednesday,No,No
2016-08-04,Thursday,No,No
2016-08-05,Friday,No,No
2016-08-08,Monday,No,No
2016-08-09,Tuesday,No,No
2016-08-10,Wednesday,No,No
2016-08-11,Thursday,No,No
2016-08-12,Friday,No,No
2016-08-16,Tuesday,No,No
2016-08-17,Wednesday,No,No
2016-08-18,Thursday,No,No
2016-08-19,Friday,No,No
2016-08-22,Monday,No,No
2016-08-23,Tuesday,No,No
2016-08-24,Wednesday,No,No
2016-08-25,Thursday,No,No
2016-08-26,Friday,No,No
2016-08-29,Monday,No,No
2016-08-30,Tuesday,No,No
2016-08-31,Wednesday,No,No
2016-09-01,Thursday,No,No
2016-09-02,Friday,No,No
2016-09-05,Monday,No,No
2016-09-06,Tuesday,No,No
2016-09-07,Wednesday,No,No
2016-09-08,Thursday,No,No
2016-09-09,Friday,No,No
2016-09-12,Monday,No,No
2016-09-13,Tuesday,No,No
2016-09-14,Wednesday,No,No
2016-09-15,Thursday,No,No
2016-09-16,Friday,No,No
2016-09-19,Monday,No,No
2016-09-20,Tuesday,No,No
2016-09-21,Wednesday,No,No
2016-09-22,Thursday,No,No
2016-09-23,Friday,No,No
2016-09-26,Monday,No,No
2016-09-27,Tuesday,No,No
2016-09-28,Wednesday,No,No
2016-09-29,Thursday,No,No
2016-09-30,Friday,No,No
2016-10-03,Monday,No,No
2016-10-04,Tuesday,No,No
2016-10-05,Wednesday,No,No
2016-10-06,Thursday,No,No
2016-10-07,Friday,No,No
2016-10-10,Monday,No,No
2016-10-11,Tuesday,No,No
2016-10-12,Wednesday,No,No
2016-10-13,Thursday,No,No
2016-10-14,Friday,No,No
2016-10-17,Monday,No,No
2016-10-18,Tuesday,No,No
2016-10-19,Wednesday,No,No
2016-10-20,Thursday,No,No
2016-10-21,Friday,No,No
2016-10-24,Monday,No,No
2016-10-25,Tuesday,No,No
2016-10-26,Wednesday,No,No
2016-10-27,Thursday,No,No
2016-10-28,Friday,No,No
2016-10-30,Sunday,Yes,Yes
2016-10-31,Monday,No,No
2016-11-01,Tuesday,No,No
2016-11-02,Wednesday,No,No
2016-11-03,Thursday,No,No
2016-11-04,Friday,No,No
2016-11-07,Monday,No,No
2016-11-08,Tuesday,No,No
2016-11-09,Wednesday,No,No
2016-11-10,Thursday,No,No
2016-11-11,Friday,No,No
2016-11-14,Monday,No,No
2016-11-15,Tuesday,No,No
2016-11-16,Wednesday,No,No
2016-11-17,Thursday,No,No
2016-11-18,Friday,No,No
2016-11-21,Monday,No,No
2016-11-22,Tuesday,No,No
2016-11-23,Wednesday,No,No
2016-11-24,Thursday,No,No
2016-11-25,Friday,No,No
2016-11-28,Monday,No,No
2016-11-29,Tuesday,No,No
2016-11-30,Wednesday,No,No
2016-12-01,Thursday,No,No
2016-12-02,Friday,No,No
2016-12-05,Monday,No,No
2016-12-06,Tuesday,No,No
2016-12-07,Wednesday,No,No
2016-12-08,Thursday,No,No
2016-12-09,Friday,No,No
2016-12-12,Monday,No,No
2016-12-13,Tuesday,No,No
2016-12-14,Wednesday,No,No
2016-12-15,Thursday,No,No
2016-12-16,Friday,No,No
2016-12-19,Monday,No,No
2016-12-20,Tuesday,No,No
2016-12-21,Wednesday,No,No
2016-12-22,Thursday,No,No
2016-12-23,Friday,No,No
2016-12-26,Monday,No,No
2016-12-27,Tuesday,No,No
2016-12-28,Wednesday,No,No
2016-12-29,Thursday,No,No
2016-12-30,Friday,No,No
2017-01-02,Monday,No,No
2017-01-03,Tuesday,No,No
2017-01-04,Wednesday,No,No
2017-01-05,Thursday,No,No
2017-01-06,Friday,No,No
2017-01-09,Monday,No,No
2017-01-10,Tuesday,No,No
2017-01-11,Wednesday,No,No
2017-01-12,Thursday,No,No
2017-01-13,Friday,No,No
2017-01-16,Monday,No,No
2017-01-17,Tuesday,No,No
2017-01-18,Wednesday,No,No
2017-01-19,Thursday,No,No
2017-01-20,Friday,No,No
2017-01-23,Monday,No,No
2017-01-24,Tuesday,No,No
2017-01-25,Wednesday,No,No
2017-01-27,Friday,No,No
2017-01-30,Monday,No,No
2017-01-31,Tuesday,No,No
2017-02-01,Wednesday,No,No
2017-02-02,Thursday,No,No
2017-02-03,Friday,No,No
2017-02-06,Monday,No,No
2017-02-07,Tuesday,No,No
2017-02-08,Wednesday,No,No
2017-02-09,Thursday,No,No
2017-02-10,Friday,No,No
2017-02-13,Monday,No,No
2017-02-14,Tuesday,No,No
2017-02-15,Wednesday,No,No
2017-02-16,Thursday,No,No
2017-02-17,Friday,No,No
2017-02-20,Monday,No,No
2017-02-21,Tuesday,No,No
2017-02-22,Wednesday,No,No
2017-02-23,Thursday,No,No
2017-02-24,Friday,No,No
2017-02-27,Monday,No,No
2017-02-28,Tuesday,No,No
2017-03-01,Wednesday,No,No
2017-03-02,Thursday,No,No
2017-03-03,Friday,No,No
2017-03-06,Monday,No,No
2017-03-07,Tuesday,No,No
2017-03-08,Wednesday,No,No
2017-03-09,Thursday,No,No
2017-03-10,Friday,No,No
2017-03-13,Monday,No,Yes
2017-03-14,Tuesday,No,No
2017-03-15,Wednesday,No,No
2017-03-16,Thursday,No,No
2017-03-17,Friday,No,No
2017-03-20,Monday,No,No
2017-03-21,Tuesday,No,No
2017-03-22,Wednesday,No,No
2017-03-23,Thursday,No,No
2017-03-24,Friday,No,No
2017-03-27,Monday,No,No
2017-03-28,Tuesday,No,No
2017-03-29,Wednesday,No,No
2017-03-30,Thursday,No,No
2017-03-31,Friday,No,No
2017-04-03,Monday,No,No
2017-04-04,Tuesday,No,No
2017-04-05,Wednesday,No,No
2017-04-06,Thursday,No,No
2017-04-07,Friday,No,No
2017-04-10,Monday,No,No
2017-04-11,Tuesday,No,No
2017-04-12,Wednesday,No,No
2017-04-13,Thursday,No,No
2017-04-17,Monday,No,No
2017-04-18,Tuesday,No,No
2017-04-19,Wednesday,No,No
2017-04-20,Thursday,No,No
2017-04-21,Friday,No,No
2017-04-24,Monday,No,No
2017-04-25,Tuesday,No,No
2017-04-26,Wednesday,No,No
2017-04-27,Thursday,No,No
2017-04-28,Friday,No,No
2017-05-01,Monday,No,No
2017-05-02,Tuesday,No,No
2017-05-03,Wednesday,No,No
2017-05-04,Thursday,No,No
2017-05-05,Friday,No,No
2017-05-08,Monday,No,No
2017-05-09,Tuesday,No,No
2017-05-10,Wednesday,No,No
2017-05-11,Thursday,No,No
2017-05-12,Friday,No,No
2017-05-15,Monday,No,No
2017-05-16,Tuesday,No,No
2017-05-17,Wednesday,No,No
2017-05-18,Thursday,No,No
2017-05-19,Friday,No,No
2017-05-22,Monday,No,No
2017-05-23,Tuesday,No,No
2017-05-24,Wednesday,No,No
2017-05-25,Thursday,No,No
2017-05-26,Friday,No,No
2017-05-29,Monday,No,No
2017-05-30,Tuesday,No,No
2017-05-31,Wednesday,No,No
2017-06-01,Thursday,No,No
2017-06-02,Friday,No,No
2017-06-05,Monday,No,No
2017-06-06,Tuesday,No,No
2017-06-07,Wednesday,No,No
2017-06-08,Thursday,No,No
2017-06-09,Friday,No,No
2017-06-12,Monday,No,No
2017-06-13,Tuesday,No,No
2017-06-14,Wednesday,No,No
2017-06-15,Thursday,No,No
2017-06-16,Friday,No,No
2017-06-19,Monday,No,No
2017-06-20,Tuesday,No,No
2017-06-21,Wednesday,No,No
2017-06-22,Thursday,No,No
2017-06-23,Friday,No,No
2017-06-26,Monday,No,No
2017-06-27,Tuesday,No,No
2017-06-28,Wednesday,No,No
2017-06-29,Thursday,No,No
2017-06-30,Friday,No,No
2017-07-03,Monday,No,No
2017-07-04,Tuesday,No,No
2017-07-05,Wednesday,No,No
2017-07-06,Thursday,No,No
2017-07-07,Friday,No,No
2017-07-10,Monday,No,No
2017-07-11,Tuesday,No,No
2017-07-12,Wednesday,No,No
2017-07-13,Thursday,No,No
2017-07-14,Friday,No,No
2017-07-17,Monday,No,No
2017-07-18,Tuesday,No,No
2017-07-19,Wednesday,No,No
2017-07-20,Thursday,No,No
2017-07-21,Friday,No,No
2017-07-24,Monday,No,No
2017-07-25,Tuesday,No,No
2017-07-26,Wednesday,No,No
2017-07-27,Thursday,No,No
2017-07-28,Friday,No,No
2017-07-31,Monday,No,No
2017-08-01,Tuesday,No,No
2017-08-02,Wednesday,No,No
2017-08-03,Thursday,No,No
2017-08-04,Friday,No,No
2017-08-07,Monday,No,No
2017-08-08,Tuesday,No,No
2017-08-09,Wednesday,No,No
2017-08-10,Thursday,No,No
2017-08-11,Friday,No,No
2017-08-14,Monday,No,No
2017-08-16,Wednesday,No,No
2017-08-17,Thursday,No,No
2017-08-18,Friday,No,No
2017-08-21,Monday,No,No
2017-08-22,Tuesday,No,No
2017-08-23,Wednesday,No,No
2017-08-24,Thursday,No,No
2017-08-25,Friday,No,No
2017-08-28,Monday,No,No
2017-08-29,Tuesday,No,No
2017-08-30,Wednesday,No,No
2017-08-31,Thursday,No,No
2017-09-01,Friday,No,No
2017-09-04,Monday,No,No
2017-09-05,Tuesday,No,No
2017-09-06,Wednesday,No,No
2017-09-07,Thursday,No,No
2017-09-08,Friday,No,No
2017-09-11,Monday,No,No
2017-09-12,Tuesday,No,No
2017-09-13,Wednesday,No,No
2017-09-14,Thursday,No,No
2017-09-15,Friday,No,No
2017-09-18,Monday,No,No
2017-09-19,Tuesday,No,No
2017-09-20,Wednesday,No,No
2017-09-21,Thursday,No,No
2017-09-22,Friday,No,No
2017-09-25,Monday,No,No
2017-09-26,Tuesday,No,No
2017-09-27,Wednesday,No,No
2017-09-28,Thursday,No,No
2017-09-29,Friday,No,No
2017-10-03,Tuesday,No,No
2017-10-04,Wednesday,No,No
2017-10-05,Thursday,No,No
2017-10-06,Friday,No,No
2017-10-09,Monday,No,No
2017-10-10,Tuesday,No,No
2017-10-11,Wednesday,No,No
2017-10-12,Thursday,No,No
2017-10-13,Friday,No,No
2017-10-16,Monday,No,No
2017-10-17,Tuesday,No,No
2017-10-18,Wednesday,No,No
2017-10-19,Thursday,No,Yes
2017-10-20,Friday,No,No
2017-10-23,Monday,No,No
2017-10-24,Tuesday,No,No
2017-10-25,Wednesday,No,No
2017-10-26,Thursday,No,No
2017-10-27,Friday,No,No
2017-10-30,Monday,No,No
2017-10-31,Tuesday,No,No
2017-11-01,Wednesday,No,No
2017-11-02,Thursday,No,No
2017-11-03,Friday,No,No
2017-11-06,Monday,No,No
2017-11-07,Tuesday,No,No
2017-11-08,Wednesday,No,No
2017-11-09,Thursday,No,No
2017-11-10,Friday,No,No
2017-11-13,Monday,No,No
2017-11-14,Tuesday,No,No
2017-11-15,Wednesday,No,No
2017-11-16,Thursday,No,No
2017-11-17,Friday,No,No
2017-11-20,Monday,No,No
2017-11-21,Tuesday,No,No
2017-11-22,Wednesday,No,No
2017-11-23,Thursday,No,No
2017-11-24,Friday,No,No
2017-11-27,Monday,No,No
2017-11-28,Tuesday,No,No
2017-11-29,Wednesday,No,No
2017-11-30,Thursday,No,No
2017-12-01,Friday,No,No
2017-12-04,Monday,No,No
2017-12-05,Tuesday,No,No
2017-12-06,Wednesday,No,No
2017-12-07,Thursday,No,No
2017-12-08,Friday,No,No
2017-12-11,Monday,No,No
2017-12-12,Tuesday,No,No
2017-12-13,Wednesday,No,No
2017-12-14,Thursday,No,No
2017-12-15,Friday,No,No
2017-12-18,Monday,No,No
2017-12-19,Tuesday,No,No
2017-12-20,Wednesday,No,No
2017-12-21,Thursday,No,No
2017-12-22,Friday,No,No
2017-12-26,Tuesday,No,No
2017-12-27,Wednesday,No,No
2017-12-28,Thursday,No,No
2017-12-29,Friday,No,No
2018-01-01,Monday,No,No
2018-01-02,Tuesday,No,No
2018-01-03,Wednesday,No,No
2018-01-04,Thursday,No,No
2018-01-05,Friday,No,No
2018-01-08,Monday,No,No
2018-01-09,Tuesday,No,No
2018-01-10,Wednesday,No,No
2018-01-11,Thursday,No,No
2018-01-12,Friday,No,No
2018-01-15,Monday,No,No
2018-01-16,Tuesday,No,No
2018-01-17,Wednesday,No,No
2018-01-18,Thursday,No,No
2018-01-19,Friday,No,No
2018-01-22,Monday,No,No
2018-01-23,Tuesday,No,No
2018-01-24,Wednesday,No,No
2018-01-25,Thursday,No,No
2018-01-29,Monday,No,No
2018-01-30,Tuesday,No,No
2018-01-31,Wednesday,No,No
2018-02-01,Thursday,No,No
2018-02-02,Friday,No,No
2018-02-05,Monday,No,No
2018-02-06,Tuesday,No,No
2018-02-07,Wednesday,No,No
2018-02-08,Thursday,No,No
2018-02-09,Friday,No,No
2018-02-12,Monday,No,No
2018-02-13,Tuesday,No,No
2018-02-14,Wednesday,No,No
2018-02-15,Thursday,No,No
2018-02-16,Friday,No,No
2018-02-19,Monday,No,No
2018-02-20,Tuesday,No,No
2018-02-21,Wednesday,No,No
2018-02-22,Thursday,No,No
2018-02-23,Friday,No,No
2018-02-26,Monday,No,No
2018-02-27,Tuesday,No,No
2018-02-28,Wednesday,No,No
2018-03-01,Thursday,No,No
2018-03-02,Friday,No,Yes
2018-03-05,Monday,No,No
2018-03-06,Tuesday,No,No
2018-03-07,Wednesday,No,No
2018-03-08,Thursday,No,No
2018-03-09,Friday,No,No
2018-03-12,Monday,No,No
2018-03-13,Tuesday,No,No
2018-03-14,Wednesday,No,No
2018-03-15,Thursday,No,No
2018-03-16,Friday,No,No
2018-03-19,Monday,No,No
2018-03-20,Tuesday,No,No
2018-03-21,Wednesday,No,No
2018-03-22,Thursday,No,No
2018-03-23,Friday,No,No
2018-03-26,Monday,No,No
2018-03-27,Tuesday,No,No
2018-03-28,Wednesday,No,No
2018-03-29,Thursday,No,No
2018-04-02,Monday,No,No
2018-04-03,Tuesday,No,No
2018-04-04,Wednesday,No,No
2018-04-05,Thursday,No,No
2018-04-06,Friday,No,No
2018-04-09,Monday,No,No
2018-04-10,Tuesday,No,No
2018-04-11,Wednesday,No,No
2018-04-12,Thursday,No,No
2018-04-13,Friday,No,No
2018-04-16,Monday,No,No
2018-04-17,Tuesday,No,No
2018-04-18,Wednesday,No,No
2018-04-19,Thursday,No,No
2018-04-20,Friday,No,No
2018-04-23,Monday,No,No
2018-04-24,Tuesday,No,No
2018-04-25,Wednesday,No,No
2018-04-26,Thursday,No,No
2018-04-27,Friday,No,No
2018-04-30,Monday,No,No
2018-05-01,Tuesday,No,No
2018-05-02,Wednesday,No,No
2018-05-03,Thursday,No,No
2018-05-04,Friday,No,No
2018-05-07,Monday,No,No
2018-05-08,Tuesday,No,No
2018-05-09,Wednesday,No,No
2018-05-10,Thursday,No,No
2018-05-11,Friday,No,No
2018-05-14,Monday,No,No
2018-05-15,Tuesday,No,No
2018-05-16,Wednesday,No,No
2018-05-17,Thursday,No,No
2018-05-18,Friday,No,No
2018-05-21,Monday,No,No
2018-05-22,Tuesday,No,No
2018-05-23,Wednesday,No,No
2018-05-24,Thursday,No,No
2018-05-25,Friday,No,No
2018-05-28,Monday,No,No
2018-05-29,Tuesday,No,No
2018-05-30,Wednesday,No,No
2018-05-31,Thursday,No,No
2018-06-01,Friday,No,No
2018-06-04,Monday,No,No
2018-06-05,Tuesday,No,No
2018-06-06,Wednesday,No,No
2018-06-07,Thursday,No,No
2018-06-08,Friday,No,No
2018-06-11,Monday,No,No
2018-06-12,Tuesday,No,No
2018-06-13,Wednesday,No,No
2018-06-14,Thursday,No,No
2018-06-15,Friday,No,No
2018-06-18,Monday,No,No
2018-06-19,Tuesday,No,No
2018-06-20,Wednesday,No,No
2018-06-21,Thursday,No,No
2018-06-22,Friday,No,No
2018-06-25,Monday,No,No
2018-06-26,Tuesday,No,No
2018-06-27,Wednesday,No,No
2018-06-28,Thursday,No,No
2018-06-29,Friday,No,No
2018-07-02,Monday,No,No
2018-07-03,Tuesday,No,No
2018-07-04,Wednesday,No,No
2018-07-05,Thursday,No,No
2018-07-06,Friday,No,No
2018-07-09,Monday,No,No
2018-07-10,Tuesday,No,No
2018-07-11,Wednesday,No,No
2018-07-12,Thursday,No,No
2018-07-13,Friday,No,No
2018-07-16,Monday,No,No
2018-07-17,Tuesday,No,No
2018-07-18,Wednesday,No,No
2018-07-19,Thursday,No,No
2018-07-20,Friday,No,No
2018-07-23,Monday,No,No
2018-07-24,Tuesday,No,No
2018-07-25,Wednesday,No,No
2018-07-26,Thursday,No,No
2018-07-27,Friday,No,No
2018-07-30,Monday,No,No
2018-07-31,Tuesday,No,No
2018-08-01,Wednesday,No,No
2018-08-02,Thursday,No,No
2018-08-03,Friday,No,No
2018-08-06,Monday,No,No
2018-08-07,Tuesday,No,No
2018-08-08,Wednesday,No,No
2018-08-09,Thursday,No,No
2018-08-10,Friday,No,No
2018-08-13,Monday,No,No
2018-08-14,Tuesday,No,No
2018-08-16,Thursday,No,No
2018-08-17,Friday,No,No
2018-08-20,Monday,No,No
2018-08-21,Tuesday,No,No
2018-08-22,Wednesday,No,No
2018-08-23,Thursday,No,No
2018-08-24,Friday,No,No
2018-08-27,Monday,No,No
2018-08-28,Tuesday,No,No
2018-08-29,Wednesday,No,No
2018-08-30,Thursday,No,No
2018-08-31,Friday,No,No
2018-09-03,Monday,No,No
2018-09-04,Tuesday,No,No
2018-09-05,Wednesday,No,No
2018-09-06,Thursday,No,No
2018-09-07,Friday,No,No
2018-09-10,Monday,No,No
2018-09-11,Tuesday,No,No
2018-09-12,Wednesday,No,No
2018-09-13,Thursday,No,No
2018-09-14,Friday,No,No
2018-09-17,Monday,No,No
2018-09-18,Tuesday,No,No
2018-09-19,Wednesday,No,No
2018-09-20,Thursday,No,No
2018-09-21,Friday,No,No
2018-09-24,Monday,No,No
2018-09-25,Tuesday,No,No
2018-09-26,Wednesday,No,No
2018-09-27,Thursday,No,No
2018-09-28,Friday,No,No
2018-10-01,Monday,No,No
2018-10-03,Wednesday,No,No
2018-10-04,Thursday,No,No
2018-10-05,Friday,No,No
2018-10-08,Monday,No,No
2018-10-09,Tuesday,No,No
2018-10-10,Wednesday,No,No
2018-10-11,Thursday,No,No
2018-10-12,Friday,No,No
2018-10-15,Monday,No,No
2018-10-16,Tuesday,No,No
2018-10-17,Wednesday,No,No
2018-10-18,Thursday,No,No
2018-10-19,Friday,No,No
2018-10-22,Monday,No,No
2018-10-23,Tuesday,No,No
2018-10-24,Wednesday,No,No
2018-10-25,Thursday,No,No
2018-10-26,Friday,No,No
2018-10-29,Monday,No,No
2018-10-30,Tuesday,No,No
2018-10-31,Wednesday,No,No
2018-11-01,Thursday,No,No
2018-11-02,Friday,No,No
2018-11-05,Monday,No,No
2018-11-06,Tuesday,No,No
2018-11-07,Wednesday,No,Yes
2018-11-08,Thursday,No,No
2018-11-09,Friday,No,No
2018-11-12,Monday,No,No
2018-11-13,Tuesday,No,No
2018-11-14,Wednesday,No,No
2018-11-15,Thursday,No,No
2018-11-16,Friday,No,No
2018-11-19,Monday,No,No
2018-11-20,Tuesday,No,No
2018-11-21,Wednesday,No,No
2018-11-22,Thursday,No,No
2018-11-23,Friday,No,No
2018-11-26,Monday,No,No
2018-11-27,Tuesday,No,No
2018-11-28,Wednesday,No,No
2018-11-29,Thursday,No,No
2018-11-30,Friday,No,No
2018-12-03,Monday,No,No
2018-12-04,Tuesday,No,No
2018-12-05,Wednesday,No,No
2018-12-06,Thursday,No,No
2018-12-07,Friday,No,No
2018-12-10,Monday,No,No
2018-12-11,Tuesday,No,No
2018-12-12,Wednesday,No,No
2018-12-13,Thursday,No,No
2018-12-14,Friday,No,No
2018-12-17,Monday,No,No
2018-12-18,Tuesday,No,No
2018-12-19,Wednesday,No,No
2018-12-20,Thursday,No,No
2018-12-21,Friday,No,No
2018-12-24,Monday,No,No
2018-12-26,Wednesday,No,No
2018-12-27,Thursday,No,No
2018-12-28,Friday,No,No
2018-12-31,Monday,No,No
2019-01-01,Tuesday,No,No
2019-01-02,Wednesday,No,No
2019-01-03,Thursday,No,No
2019-01-04,Friday,No,No
2019-01-07,Monday,No,No
2019-01-08,Tuesday,No,No
2019-01-09,Wednesday,No,No
2019-01-10,Thursday,No,No
2019-01-11,Friday,No,No
2019-01-14,Monday,No,No
2019-01-15,Tuesday,No,No
2019-01-16,Wednesday,No,No
2019-01-17,Thursday,No,No
2019-01-18,Friday,No,No
2019-01-21,Monday,No,No
2019-01-22,Tuesday,No,No
2019-01-23,Wednesday,No,No
2019-01-24,Thursday,No,No
2019-01-25,Friday,No,No
2019-01-28,Monday,No,No
2019-01-29,Tuesday,No,No
2019-01-30,Wednesday,No,No
2019-01-31,Thursday,No,No
2019-02-01,Friday,No,No
2019-02-04,Monday,No,No
2019-02-05,Tuesday,No,No
2019-02-06,Wednesday,No,No
2019-02-07,Thursday,No,No
2019-02-08,Friday,No,No
2019-02-11,Monday,No,No
2019-02-12,Tuesday,No,No
2019-02-13,Wednesday,No,No
2019-02-14,Thursday,No,No
2019-02-15,Friday,No,No
2019-02-18,Monday,No,No
2019-02-19,Tuesday,No,No
2019-02-20,Wednesday,No,No
2019-02-21,Thursday,No,No
2019-02-22,Friday,No,No
2019-02-25,Monday,No,No
2019-02-26,Tuesday,No,No
2019-02-27,Wednesday,No,No
2019-02-28,Thursday,No,No
2019-03-01,Friday,No,No
2019-03-04,Monday,No,No
2019-03-05,Tuesday,No,No
2019-03-06,Wednesday,No,No
2019-03-07,Thursday,No,No
2019-03-08,Friday,No,No
2019-03-11,Monday,No,No
2019-03-12,Tuesday,No,No
2019-03-13,Wednesday,No,No
2019-03-14,Thursday,No,No
2019-03-15,Friday,No,No
2019-03-18,Monday,No,No
2019-03-19,Tuesday,No,No
2019-03-20,Wednesday,No,No
2019-03-21,Thursday,No,No
2019-03-22,Friday,No,No
2019-03-25,Monday,No,No
2019-03-26,Tuesday,No,No
2019-03-27,Wednesday,No,No
2019-03-28,Thursday,No,No
2019-03-29,Friday,No,No
2019-04-01,Monday,No,No
2019-04-02,Tuesday,No,No
2019-04-03,Wednesday,No,No
2019-04-04,Thursday,No,No
2019-04-05,Friday,No,No
2019-04-08,Monday,No,No
2019-04-09,Tuesday,No,No
2019-04-10,Wednesday,No,No
2019-04-11,Thursday,No,No
2019-04-12,Friday,No,No
2019-04-15,Monday,No,No
2019-04-16,Tuesday,No,No
2019-04-17,Wednesday,No,No
2019-04-18,Thursday,No,No
2019-04-22,Monday,No,No
2019-04-23,Tuesday,No,No
2019-04-24,Wednesday,No,No
2019-04-25,Thursday,No,No
2019-04-26,Friday,No,No
2019-04-30,Tuesday,No,No
2019-05-01,Wednesday,No,No
2019-05-02,Thursday,No,No
2019-05-03,Friday,No,No
2019-05-06,Monday,No,No
2019-05-07,Tuesday,No,No
2019-05-08,Wednesday,No,No
2019-05-09,Thursday,No,No
2019-05-10,Friday,No,No
2019-05-13,Monday,No,No
2019-05-14,Tuesday,No,No
2019-05-15,Wednesday,No,No
2019-05-16,Thursday,No,No
2019-05-17,Friday,No,No
2019-05-20,Monday,No,No
2019-05-21,Tuesday,No,No
2019-05-22,Wednesday,No,No
2019-05-23,Thursday,No,No
2019-05-24,Friday,No,No
2019-05-27,Monday,No,No
2019-05-28,Tuesday,No,No
2019-05-29,Wednesday,No,No
2019-05-30,Thursday,No,No
2019-05-31,Friday,No,No
2019-06-03,Monday,No,No
2019-06-04,Tuesday,No,No
2019-06-05,Wednesday,No,No
2019-06-06,Thursday,No,No
2019-06-07,Friday,No,No
2019-06-10,Monday,No,No
2019-06-11,Tuesday,No,No
2019-06-12,Wednesday,No,No
2019-06-13,Thursday,No,No
2019-06-14,Friday,No,No
2019-06-17,Monday,No,No
2019-06-18,Tuesday,No,No
2019-06-19,Wednesday,No,No
2019-06-20,Thursday,No,No
2019-06-21,Friday,No,No
2019-06-24,Monday,No,No
2019-06-25,Tuesday,No,No
2019-06-26,Wednesday,No,No
2019-06-27,Thursday,No,No
2019-06-28,Friday,No,No
2019-07-01,Monday,No,No
2019-07-02,Tuesday,No,No
2019-07-03,Wednesday,No,No
2019-07-04,Thursday,No,No
2019-07-05,Friday,No,No
2019-07-08,Monday,No,No
2019-07-09,Tuesday,No,No
2019-07-10,Wednesday,No,No
2019-07-11,Thursday,No,No
2019-07-12,Friday,No,No
2019-07-15,Monday,No,No
2019-07-16,Tuesday,No,No
2019-07-17,Wednesday,No,No
2019-07-18,Thursday,No,No
2019-07-19,Friday,No,No
2019-07-22,Monday,No,No
2019-07-23,Tuesday,No,No
2019-07-24,Wednesday,No,No
2019-07-25,Thursday,No,No
2019-07-26,Friday,No,No
2019-07-29,Monday,No,No
2019-07-30,Tuesday,No,No
2019-07-31,Wednesday,No,No
2019-08-01,Thursday,No,No
2019-08-02,Friday,No,No
2019-08-05,Monday,No,No
2019-08-06,Tuesday,No,No
2019-08-07,Wednesday,No,No
2019-08-08,Thursday,No,No
2019-08-09,Friday,No,No
2019-08-12,Monday,No,No
2019-08-13,Tuesday,No,No
2019-08-14,Wednesday,No,No
2019-08-16,Friday,No,No
2019-08-19,Monday,No,No
2019-08-20,Tuesday,No,No
2019-08-21,Wednesday,No,No
2019-08-22,Thursday,No,No
2019-08-23,Friday,No,No
2019-08-26,Monday,No,No
2019-08-27,Tuesday,No,No
2019-08-28,Wednesday,No,No
2019-08-29,Thursday,No,No
2019-08-30,Friday,No,No
2019-09-02,Monday,No,No
2019-09-03,Tuesday,No,No
2019-09-04,Wednesday,No,No
2019-09-05,Thursday,No,No
2019-09-06,Friday,No,No
2019-09-09,Monday,No,No
2019-09-10,Tuesday,No,No
2019-09-11,Wednesday,No,No
2019-09-12,Thursday,No,No
2019-09-13,Friday,No,No
2019-09-16,Monday,No,No
2019-09-17,Tuesday,No,No
2019-09-18,Wednesday,No,No
2019-09-19,Thursday,No,No
2019-09-20,Friday,No,No
2019-09-23,Monday,No,No
2019-09-24,Tuesday,No,No
2019-09-25,Wednesday,No,No
2019-09-26,Thursday,No,No
2019-09-27,Friday,No,No
2019-09-30,Monday,No,No
2019-10-01,Tuesday,No,No
2019-10-03,Thursday,No,No
2019-10-04,Friday,No,No
2019-10-07,Monday,No,No
2019-10-08,Tuesday,No,No
2019-10-09,Wednesday,No,No
2019-10-10,Thursday,No,No
2019-10-11,Friday,No,No
2019-10-14,Monday,No,No
2019-10-15,Tuesday,No,No
2019-10-16,Wednesday,No,No
2019-10-17,Thursday,No,No
2019-10-18,Friday,No,No
2019-10-21,Monday,No,No
2019-10-22,Tuesday,No,No
2019-10-23,Wednesday,No,No
2019-10-24,Thursday,No,No
2019-10-25,Friday,No,No
2019-10-27,Sunday,Yes,No
2019-10-28,Monday,No,No
2019-10-29,Tuesday,No,No
2019-10-30,Wednesday,No,No
2019-10-31,Thursday,No,No
2019-11-01,Friday,No,No
2019-11-04,Monday,No,No
2019-11-05,Tuesday,No,No
2019-11-06,Wednesday,No,No
2019-11-07,Thursday,No,No
2019-11-08,Friday,No,No
2019-11-11,Monday,No,No
2019-11-12,Tuesday,No,No
2019-11-13,Wednesday,No,No
2019-11-14,Thursday,No,No
2019-11-15,Friday,No,No
2019-11-18,Monday,No,No
2019-11-19,Tuesday,No,No
2019-11-20,Wednesday,No,No
2019-11-21,Thursday,No,No
2019-11-22,Friday,No,No
2019-11-25,Monday,No,No
2019-11-26,Tuesday,No,No
2019-11-27,Wednesday,No,No
2019-11-28,Thursday,No,No
2019-11-29,Friday,No,No
2019-12-02,Monday,No,No
2019-12-03,Tuesday,No,No
2019-12-04,Wednesday,No,No
2019-12-05,Thursday,No,No
2019-12-06,Friday,No,No
2019-12-09,Monday,No,No
2019-12-10,Tuesday,No,No
2019-12-11,Wednesday,No,No
2019-12-12,Thursday,No,No
2019-12-13,Friday,No,No
2019-12-16,Monday,No,No
2019-12-17,Tuesday,No,No
2019-12-18,Wednesday,No,No
2019-12-19,Thursday,No,No
2019-12-20,Friday,No,No
2019-12-23,Monday,No,No
2019-12-24,Tuesday,No,No
2019-12-26,Thursday,No,No
2019-12-27,Friday,No,No
2019-12-30,Monday,No,No
2019-12-31,Tuesday,No,No
2020-01-01,Wednesday,No,No
2020-01-02,Thursday,No,No
2020-01-03,Friday,No,No
2020-01-06,Monday,No,No
2020-01-07,Tuesday,No,No
2020-01-08,Wednesday,No,No
2020-01-09,Thursday,No,No
2020-01-10,Friday,No,No
2020-01-13,Monday,No,No
2020-01-14,Tuesday,No,No
2020-01-15,Wednesday,No,No
2020-01-16,Thursday,No,No
2020-01-17,Friday,No,No
2020-01-20,Monday,No,No
2020-01-21,Tuesday,No,No
2020-01-22,Wednesday,No,No
2020-01-23,Thursday,No,No
2020-01-24,Friday,No,No
2020-01-27,Monday,No,No
2020-01-28,Tuesday,No,No
2020-01-29,Wednesday,No,No
2020-01-30,Thursday,No,No
2020-01-31,Friday,No,No
2020-02-01,Saturday,Yes,No
2020-02-03,Monday,No,No
2020-02-04,Tuesday,No,No
2020-02-05,Wednesday,No,No
2020-02-06,Thursday,No,No
2020-02-07,Friday,No,No
2020-02-10,Monday,No,No
2020-02-11,Tuesday,No,No
2020-02-12,Wednesday,No,No
2020-02-13,Thursday,No,No
2020-02-14,Friday,No,No
2020-02-17,Monday,No,No
2020-02-18,Tuesday,No,No
2020-02-19,Wednesday,No,No
2020-02-20,Thursday,No,No
2020-02-21,Friday,No,No
2020-02-24,Monday,No,No
2020-02-25,Tuesday,No,No
2020-02-26,Wednesday,No,No
2020-02-27,Thursday,No,No
2020-02-28,Friday,No,No
2020-03-02,Monday,No,No
2020-03-03,Tuesday,No,No
2020-03-04,Wednesday,No,No
2020-03-05,Thursday,No,No
2020-03-06,Friday,No,No
2020-03-09,Monday,No,No
2020-03-10,Tuesday,No,No
2020-03-11,Wednesday,No,No
2020-03-12,Thursday,No,No
2020-03-13,Friday,No,No
2020-03-16,Monday,No,No
2020-03-17,Tuesday,No,No
2020-03-18,Wednesday,No,No
2020-03-19,Thursday,No,No
2020-03-20,Friday,No,No
2020-03-23,Monday,No,No
2020-03-24,Tuesday,No,No
2020-03-25,Wednesday,No,No
2020-03-26,Thursday,No,No
2020-03-27,Friday,No,No
2020-03-30,Monday,No,No
2020-03-31,Tuesday,No,No
2020-04-01,Wednesday,No,No
2020-04-03,Friday,No,No
2020-04-07,Tuesday,No,No
2020-04-08,Wednesday,No,No
2020-04-09,Thursday,No,No
2020-04-13,Monday,No,No
2020-04-15,Wednesday,No,No
2020-04-16,Thursday,No,No
2020-04-17,Friday,No,No
2020-04-20,Monday,No,No
2020-04-21,Tuesday,No,No
2020-04-22,Wednesday,No,No
2020-04-23,Thursday,No,No
2020-04-24,Friday,No,No
2020-04-27,Monday,No,No
2020-04-28,Tuesday,No,No
2020-04-29,Wednesday,No,No
2020-04-30,Thursday,No,No
2020-05-01,Friday,No,No
2020-05-04,Monday,No,No
2020-05-05,Tuesday,No,No
2020-05-06,Wednesday,No,No
2020-05-07,Thursday,No,No
2020-05-08,Friday,No,No
2020-05-11,Monday,No,No
2020-05-12,Tuesday,No,No
2020-05-13,Wednesday,No,No
2020-05-14,Thursday,No,No
2020-05-15,Friday,No,No
2020-05-18,Monday,No,No
2020-05-19,Tuesday,No,No
2020-05-20,Wednesday,No,No
2020-05-21,Thursday,No,No
2020-05-22,Friday,No,No
2020-05-25,Monday,No,No
2020-05-26,Tuesday,No,No
2020-05-27,Wednesday,No,No
2020-05-28,Thursday,No,No
2020-05-29,Friday,No,No
2020-06-01,Monday,No,No
2020-06-02,Tuesday,No,No
2020-06-03,Wednesday,No,No
2020-06-04,Thursday,No,No
2020-06-05,Friday,No,No
2020-06-08,Monday,No,No
2020-06-09,Tuesday,No,No
2020-06-10,Wednesday,No,No
2020-06-11,Thursday,No,No
2020-06-12,Friday,No,No
2020-06-15,Monday,No,No
2020-06-16,Tuesday,No,No
2020-06-17,Wednesday,No,No
2020-06-18,Thursday,No,No
2020-06-19,Friday,No,No
2020-06-22,Monday,No,No
2020-06-23,Tuesday,No,No
2020-06-24,Wednesday,No,No
2020-06-25,Thursday,No,No
2020-06-26,Friday,No,No
2020-06-29,Monday,No,No
2020-06-30,Tuesday,No,No
2020-07-01,Wednesday,No,No
2020-07-02,Thursday,No,No
2020-07-03,Friday,No,No
2020-07-06,Monday,No,No
2020-07-07,Tuesday,No,No
2020-07-08,Wednesday,No,No
2020-07-09,Thursday,No,No
2020-07-10,Friday,No,No
2020-07-13,Monday,No,No
2020-07-14,Tuesday,No,No
2020-07-15,Wednesday,No,No
2020-07-16,Thursday,No,No
2020-07-17,Friday,No,No
2020-07-20,Monday,No,No
2020-07-21,Tuesday,No,No
2020-07-22,Wednesday,No,No
2020-07-23,Thursday,No,No
2020-07-24,Friday,No,No
2020-07-27,Monday,No,No
2020-07-28,Tuesday,No,No
2020-07-29,Wednesday,No,No
2020-07-30,Thursday,No,No
2020-07-31,Friday,No,No
2020-08-03,Monday,No,No
2020-08-04,Tuesday,No,No
2020-08-05,Wednesday,No,No
2020-08-06,Thursday,No,No
2020-08-07,Friday,No,No
2020-08-10,Monday,No,No
2020-08-11,Tuesday,No,No
2020-08-12,Wednesday,No,No
2020-08-13,Thursday,No,No
2020-08-14,Friday,No,No
2020-08-17,Monday,No,No
2020-08-18,Tuesday,No,No
2020-08-19,Wednesday,No,No
2020-08-20,Thursday,No,No
2020-08-21,Friday,No,No
2020-08-24,Monday,No,No
2020-08-25,Tuesday,No,No
2020-08-26,Wednesday,No,No
2020-08-27,Thursday,No,No
2020-08-28,Friday,No,No
2020-08-31,Monday,No,No
2020-09-01,Tuesday,No,No
2020-09-02,Wednesday,No,No
2020-09-03,Thursday,No,No
2020-09-04,Friday,No,No
2020-09-07,Monday,No,No
2020-09-08,Tuesday,No,No
2020-09-09,Wednesday,No,No
2020-09-10,Thursday,No,No
2020-09-11,Friday,No,No
2020-09-14,Monday,No,No
2020-09-15,Tuesday,No,No
2020-09-16,Wednesday,No,No
2020-09-17,Thursday,No,No
2020-09-18,Friday,No,No
2020-09-21,Monday,No,No
2020-09-22,Tuesday,No,No
2020-09-23,Wednesday,No,No
2020-09-24,Thursday,No,No
2020-09-25,Friday,No,No
2020-09-28,Monday,No,No
2020-09-29,Tuesday,No,No
2020-09-30,Wednesday,No,No
2020-10-01,Thursday,No,No
2020-10-05,Monday,No,No
2020-10-06,Tuesday,No,No
2020-10-07,Wednesday,No,No
2020-10-08,Thursday,No,No
2020-10-09,Friday,No,No
2020-10-12,Monday,No,No
2020-10-13,Tuesday,No,No
2020-10-14,Wednesday,No,No
2020-10-15,Thursday,No,No
2020-10-16,Friday,No,No
2020-10-19,Monday,No,No
2020-10-20,Tuesday,No,No
2020-10-21,Wednesday,No,No
2020-10-22,Thursday,No,No
2020-10-23,Friday,No,No
2020-10-26,Monday,No,No
2020-10-27,Tuesday,No,No
2020-10-28,Wednesday,No,No
2020-10-29,Thursday,No,No
2020-10-30,Friday,No,No
2020-11-02,Monday,No,No
2020-11-03,Tuesday,No,No
2020-11-04,Wednesday,No,No
2020-11-05,Thursday,No,No
2020-11-06,Friday,No,No
2020-11-09,Monday,No,No
2020-11-10,Tuesday,No,No
2020-11-11,Wednesday,No,No
2020-11-12,Thursday,No,No
2020-11-13,Friday,No,No
2020-11-14,Saturday,Yes,No
2020-11-16,Monday,No,No
2020-11-17,Tuesday,No,No
2020-11-18,Wednesday,No,No
2020-11-19,Thursday,No,No
2020-11-20,Friday,No,No
2020-11-23,Monday,No,No
2020-11-24,Tuesday,No,No
2020-11-25,Wednesday,No,No
2020-11-26,Thursday,No,No
2020-11-27,Friday,No,No
2020-11-30,Monday,No,No
2020-12-01,Tuesday,No,No
2020-12-02,Wednesday,No,No
2020-12-03,Thursday,No,No
2020-12-04,Friday,No,No
2020-12-07,Monday,No,No
2020-12-08,Tuesday,No,No
2020-12-09,Wednesday,No,No
2020-12-10,Thursday,No,No
2020-12-11,Friday,No,No
2020-12-14,Monday,No,No
2020-12-15,Tuesday,No,No
2020-12-16,Wednesday,No,No
2020-12-17,Thursday,No,No
2020-12-18,Friday,No,No
2020-12-21,Monday,No,No
2020-12-22,Tuesday,No,No
2020-12-23,Wednesday,No,No
2020-12-24,Thursday,No,No
2020-12-28,Monday,No,No
2020-12-29,Tuesday,No,No
2020-12-30,Wednesday,No,No
2020-12-31,Thursday,No,No
2021-01-01,Friday,No,No
2021-01-04,Monday,No,No
2021-01-05,Tuesday,No,No
2021-01-06,Wednesday,No,No
2021-01-07,Thursday,No,No
2021-01-08,Friday,No,No
2021-01-11,Monday,No,No
2021-01-12,Tuesday,No,No
2021-01-13,Wednesday,No,No
2021-01-14,Thursday,No,No
2021-01-15,Friday,No,No
2021-01-18,Monday,No,No
2021-01-19,Tuesday,No,No
2021-01-20,Wednesday,No,No
2021-01-21,Thursday,No,No
2021-01-22,Friday,No,No
2021-01-25,Monday,No,No
2021-01-27,Wednesday,No,No
2021-01-28,Thursday,No,No
2021-01-29,Friday,No,No
2021-02-01,Monday,No,No
2021-02-02,Tuesday,No,No
2021-02-03,Wednesday,No,No
2021-02-04,Thursday,No,No
2021-02-05,Friday,No,No
2021-02-08,Monday,No,No
2021-02-09,Tuesday,No,No
2021-02-10,Wednesday,No,No
2021-02-11,Thursday,No,No
2021-02-12,Friday,No,No
2021-02-15,Monday,No,No
2021-02-16,Tuesday,No,No
2021-02-17,Wednesday,No,No
2021-02-18,Thursday,No,No
2021-02-19,Friday,No,No
2021-02-22,Monday,No,No
2021-02-23,Tuesday,No,No
2021-02-24,Wednesday,No,No
2021-02-25,Thursday,No,No
2021-02-26,Friday,No,No
2021-03-01,Monday,No,No
2021-03-02,Tuesday,No,No
2021-03-03,Wednesday,No,No
2021-03-04,Thursday,No,No
2021-03-05,Friday,No,No
2021-03-08,Monday,No,No
2021-03-09,Tuesday,No,No
2021-03-10,Wednesday,No,No
2021-03-11,Thursday,No,No
2021-03-12,Friday,No,No
2021-03-15,Monday,No,No
2021-03-16,Tuesday,No,No
2021-03-17,Wednesday,No,No
2021-03-18,Thursday,No,No
2021-03-19,Friday,No,No
2021-03-22,Monday,No,No
2021-03-23,Tuesday,No,No
2021-03-24,Wednesday,No,No
2021-03-25,Thursday,No,No
2021-03-26,Friday,No,No
2021-03-29,Monday,No,No
2021-03-30,Tuesday,No,No
2021-03-31,Wednesday,No,No
2021-04-01,Thursday,No,No
2021-04-05,Monday,No,No
2021-04-06,Tuesday,No,No
2021-04-07,Wednesday,No,No
2021-04-08,Thursday,No,No
2021-04-09,Friday,No,No
2021-04-12,Monday,No,No
2021-04-13,Tuesday,No,No
2021-04-14,Wednesday,No,No
2021-04-15,Thursday,No,No
2021-04-16,Friday,No,No
2021-04-19,Monday,No,No
2021-04-20,Tuesday,No,No
2021-04-21,Wednesday,No,No
2021-04-22,Thursday,No,No
2021-04-23,Friday,No,No
2021-04-26,Monday,No,No
2021-04-27,Tuesday,No,No
2021-04-28,Wednesday,No,No
2021-04-29,Thursday,No,No
2021-04-30,Friday,No,No
2021-05-03,Monday,No,No
2021-05-04,Tuesday,No,No
2021-05-05,Wednesday,No,No
2021-05-06,Thursday,No,No
2021-05-07,Friday,No,No
2021-05-10,Monday,No,No
2021-05-11,Tuesday,No,No
2021-05-12,Wednesday,No,No
2021-05-13,Thursday,No,No
2021-05-14,Friday,No,No
2021-05-17,Monday,No,No
2021-05-18,Tuesday,No,No
2021-05-19,Wednesday,No,No
2021-05-20,Thursday,No,No
2021-05-21,Friday,No,No
2021-05-24,Monday,No,No
2021-05-25,Tuesday,No,No
2021-05-26,Wednesday,No,No
2021-05-27,Thursday,No,No
2021-05-28,Friday,No,No
2021-05-31,Monday,No,No
2021-06-01,Tuesday,No,No
2021-06-02,Wednesday,No,No
2021-06-03,Thursday,No,No
2021-06-04,Friday,No,No
2021-06-07,Monday,No,No
2021-06-08,Tuesday,No,No
2021-06-09,Wednesday,No,No
2021-06-10,Thursday,No,No
2021-06-11,Friday,No,No
2021-06-14,Monday,No,No
2021-06-15,Tuesday,No,No
2021-06-16,Wednesday,No,No
2021-06-17,Thursday,No,No
2021-06-18,Friday,No,No
2021-06-21,Monday,No,No
2021-06-22,Tuesday,No,No
2021-06-23,Wednesday,No,No
2021-06-24,Thursday,No,No
2021-06-25,Friday,No,No
2021-06-28,Monday,No,No
2021-06-29,Tuesday,No,No
2021-06-30,Wednesday,No,No
2021-07-01,Thursday,No,No
2021-07-02,Friday,No,No
2021-07-05,Monday,No,No
2021-07-06,Tuesday,No,No
2021-07-07,Wednesday,No,No
2021-07-08,Thursday,No,No
2021-07-09,Friday,No,No
2021-07-12,Monday,No,No
2021-07-13,Tuesday,No,No
2021-07-14,Wednesday,No,No
2021-07-15,Thursday,No,No
2021-07-16,Friday,No,No
2021-07-19,Monday,No,No
2021-07-20,Tuesday,No,No
2021-07-21,Wednesday,No,No
2021-07-22,Thursday,No,No
2021-07-23,Friday,No,No
2021-07-26,Monday,No,No
2021-07-27,Tuesday,No,No
2021-07-28,Wednesday,No,No
2021-07-29,Thursday,No,No
2021-07-30,Friday,No,No
2021-08-02,Monday,No,No
2021-08-03,Tuesday,No,No
2021-08-04,Wednesday,No,No
2021-08-05,Thursday,No,No
2021-08-06,Friday,No,No
2021-08-09,Monday,No,No
2021-08-10,Tuesday,No,No
2021-08-11,Wednesday,No,No
2021-08-12,Thursday,No,No
2021-08-13,Friday,No,No
2021-08-16,Monday,No,No
2021-08-17,Tuesday,No,No
2021-08-18,Wednesday,No,No
2021-08-19,Thursday,No,No
2021-08-20,Friday,No,No
2021-08-23,Monday,No,No
2021-08-24,Tuesday,No,No
2021-08-25,Wednesday,No,No
2021-08-26,Thursday,No,No
2021-08-27,Friday,No,No
2021-08-30,Monday,No,No
2021-08-31,Tuesday,No,No
2021-09-01,Wednesday,No,No
2021-09-02,Thursday,No,No
2021-09-03,Friday,No,No
2021-09-06,Monday,No,No
2021-09-07,Tuesday,No,No
2021-09-08,Wednesday,No,No
2021-09-09,Thursday,No,No
2021-09-10,Friday,No,No
2021-09-13,Monday,No,No
2021-09-14,Tuesday,No,No
2021-09-15,Wednesday,No,No
2021-09-16,Thursday,No,No
2021-09-17,Friday,No,No
2021-09-20,Monday,No,No
2021-09-21,Tuesday,No,No
2021-09-22,Wednesday,No,No
2021-09-23,Thursday,No,No
2021-09-24,Friday,No,No
2021-09-27,Monday,No,No
2021-09-28,Tuesday,No,No
2021-09-29,Wednesday,No,No
2021-09-30,Thursday,No,No
2021-10-01,Friday,No,No
2021-10-04,Monday,No,No
2021-10-05,Tuesday,No,No
2021-10-06,Wednesday,No,No
2021-10-07,Thursday,No,No
2021-10-08,Friday,No,No
2021-10-11,Monday,No,No
2021-10-12,Tuesday,No,No
2021-10-13,Wednesday,No,No
2021-10-14,Thursday,No,No
2021-10-15,Friday,No,No
2021-10-18,Monday,No,No
2021-10-19,Tuesday,No,No
2021-10-20,Wednesday,No,No
2021-10-21,Thursday,No,No
2021-10-22,Friday,No,No
2021-10-25,Monday,No,No
2021-10-26,Tuesday,No,No
2021-10-27,Wednesday,No,No
2021-10-28,Thursday,No,No
2021-10-29,Friday,No,No
2021-11-01,Monday,No,No
2021-11-02,Tuesday,No,No
2021-11-03,Wednesday,No,No
2021-11-04,Thursday,No,No
2021-11-05,Friday,No,No
2021-11-08,Monday,No,No
2021-11-09,Tuesday,No,No
2021-11-10,Wednesday,No,No
2021-11-11,Thursday,No,No
2021-11-12,Friday,No,No
2021-11-15,Monday,No,No
2021-11-16,Tuesday,No,No
2021-11-17,Wednesday,No,No
2021-11-18,Thursday,No,No
2021-11-19,Friday,No,No
2021-11-22,Monday,No,No
2021-11-23,Tuesday,No,No
2021-11-24,Wednesday,No,No
2021-11-25,Thursday,No,No
2021-11-26,Friday,No,No
2021-11-29,Monday,No,No
2021-11-30,Tuesday,No,No
2021-12-01,Wednesday,No,No
2021-12-02,Thursday,No,No
2021-12-03,Friday,No,No
2021-12-06,Monday,No,No
2021-12-07,Tuesday,No,No
2021-12-08,Wednesday,No,No
2021-12-09,Thursday,No,No
2021-12-10,Friday,No,No
2021-12-13,Monday,No,No
2021-12-14,Tuesday,No,No
2021-12-15,Wednesday,No,No
2021-12-16,Thursday,No,No
2021-12-17,Friday,No,No
2021-12-20,Monday,No,No
2021-12-21,Tuesday,No,No
2021-12-22,Wednesday,No,No
2021-12-23,Thursday,No,No
2021-12-24,Friday,No,No
2021-12-27,Monday,No,No
2021-12-28,Tuesday,No,No
2021-12-29,Wednesday,No,No
2021-12-30,Thursday,No,No
2021-12-31,Friday,No,No
2022-01-03,Monday,No,No
2022-01-04,Tuesday,No,No
2022-01-05,Wednesday,No,No
2022-01-06,Thursday,No,No
2022-01-07,Friday,No,No
2022-01-10,Monday,No,No
2022-01-11,Tuesday,No,No
2022-01-12,Wednesday,No,No
2022-01-13,Thursday,No,No
2022-01-14,Friday,No,No
2022-01-17,Monday,No,No
2022-01-18,Tuesday,No,No
2022-01-19,Wednesday,No,No
2022-01-20,Thursday,No,No
2022-01-21,Friday,No,No
2022-01-24,Monday,No,No
2022-01-25,Tuesday,No,No
2022-01-27,Thursday,No,No
2022-01-28,Friday,No,No
2022-01-31,Monday,No,No
2022-02-01,Tuesday,No,No
2022-02-02,Wednesday,No,No
2022-02-03,Thursday,No,No
2022-02-04,Friday,No,No
2022-02-07,Monday,No,No
2022-02-08,Tuesday,No,No
2022-02-09,Wednesday,No,No
2022-02-10,Thursday,No,No
2022-02-11,Friday,No,No
2022-02-14,Monday,No,No
2022-02-15,Tuesday,No,No
2022-02-16,Wednesday,No,No
2022-02-17,Thursday,No,No
2022-02-18,Friday,No,No
2022-02-21,Monday,No,No
2022-02-22,Tuesday,No,No
2022-02-23,Wednesday,No,No
2022-02-24,Thursday,No,No
2022-02-25,Friday,No,No
2022-02-28,Monday,No,No
2022-03-01,Tuesday,No,No
2022-03-02,Wednesday,No,No
2022-03-03,Thursday,No,No
2022-03-04,Friday,No,No
2022-03-07,Monday,No,No
2022-03-08,Tuesday,No,No
2022-03-09,Wednesday,No,No
2022-03-10,Thursday,No,No
2022-03-11,Friday,No,No
2022-03-14,Monday,No,No
2022-03-15,Tuesday,No,No
2022-03-16,Wednesday,No,No
2022-03-17,Thursday,No,No
2022-03-18,Friday,No,No
2022-03-21,Monday,No,No
2022-03-22,Tuesday,No,No
2022-03-23,Wednesday,No,No
2022-03-24,Thursday,No,No
2022-03-25,Friday,No,No
2022-03-28,Monday,No,No
2022-03-29,Tuesday,No,No
2022-03-30,Wednesday,No,No
2022-03-31,Thursday,No,No
2022-04-01,Friday,No,No
2022-04-04,Monday,No,No
2022-04-05,Tuesday,No,No
2022-04-06,Wednesday,No,No
2022-04-07,Thursday,No,No
2022-04-08,Friday,No,No
2022-04-11,Monday,No,No
2022-04-12,Tuesday,No,No
2022-04-13,Wednesday,No,No
2022-04-14,Thursday,No,No
2022-04-18,Monday,No,No
2022-04-19,Tuesday,No,No
2022-04-20,Wednesday,No,No
2022-04-21,Thursday,No,No
2022-04-22,Friday,No,No
2022-04-25,Monday,No,No
2022-04-26,Tuesday,No,No
2022-04-27,Wednesday,No,No
2022-04-28,Thursday,No,No
2022-04-29,Friday,No,No
2022-05-02,Monday,No,No
2022-05-03,Tuesday,No,No
2022-05-04,Wednesday,No,No
2022-05-05,Thursday,No,No
2022-05-06,Friday,No,No
2022-05-09,Monday,No,No
2022-05-10,Tuesday,No,No
2022-05-11,Wednesday,No,No
2022-05-12,Thursday,No,No
2022-05-13,Friday,No,No
2022-05-16,Monday,No,No
2022-05-17,Tuesday,No,No
2022-05-18,Wednesday,No,No
2022-05-19,Thursday,No,No
2022-05-20,Friday,No,No
2022-05-23,Monday,No,No
2022-05-24,Tuesday,No,No
2022-05-25,Wednesday,No,No
2022-05-26,Thursday,No,No
2022-05-27,Friday,No,No
2022-05-30,Monday,No,No
2022-05-31,Tuesday,No,No
2022-06-01,Wednesday,No,No
2022-06-02,Thursday,No,No
2022-06-03,Friday,No,No
2022-06-06,Monday,No,No
2022-06-07,Tuesday,No,No
2022-06-08,Wednesday,No,No
2022-06-09,Thursday,No,No
2022-06-10,Friday,No,No
2022-06-13,Monday,No,No
2022-06-14,Tuesday,No,No
2022-06-15,Wednesday,No,No
2022-06-16,Thursday,No,No
2022-06-17,Friday,No,No
2022-06-20,Monday,No,No
2022-06-21,Tuesday,No,No
2022-06-22,Wednesday,No,No
2022-06-23,Thursday,No,No
2022-06-24,Friday,No,No
2022-06-27,Monday,No,No
2022-06-28,Tuesday,No,No
2022-06-29,Wednesday,No,No
2022-06-30,Thursday,No,No
2022-07-01,Friday,No,No
2022-07-04,Monday,No,No
2022-07-05,Tuesday,No,No
2022-07-06,Wednesday,No,No
2022-07-07,Thursday,No,No
2022-07-08,Friday,No,No
2022-07-11,Monday,No,No
2022-07-12,Tuesday,No,No
2022-07-13,Wednesday,No,No
2022-07-14,Thursday,No,No
2022-07-15,Friday,No,No
2022-07-18,Monday,No,No
2022-07-19,Tuesday,No,No
2022-07-20,Wednesday,No,No
2022-07-21,Thursday,No,No
2022-07-22,Friday,No,No
2022-07-25,Monday,No,No
2022-07-26,Tuesday,No,No
2022-07-27,Wednesday,No,No
2022-07-28,Thursday,No,No
2022-07-29,Friday,No,No
2022-08-01,Monday,No,No
2022-08-02,Tuesday,No,No
2022-08-03,Wednesday,No,No
2022-08-04,Thursday,No,No
2022-08-05,Friday,No,No
